{
    "version": 2,
    "objs": [
        {
            "type": "halfplane",
            "p1": {
                "type": 1,
                "x": 242.74,
                "y": 559.1899999999999,
                "exist": true
            },
            "p2": {
                "type": 1,
                "x": 702.7400000000002,
                "y": 559.1899999999999,
                "exist": true
            },
            "p": 2.5
        },
        {
            "type": "radiant",
            "x": 406.348888658,
            "y": 812.7033319319999,
            "p": 0.5
        },
        {
            "type": "protractor",
            "p1": {
                "type": 1,
                "x": 308.3388886580001,
                "y": 559.1733319319999,
                "exist": true
            },
            "p2": {
                "type": 1,
                "x": 308.3388886580001,
                "y": 635.3133319319999,
                "exist": true
            }
        }
    ],
    "mode": "light",
    "rayDensity_light": 0.13710612746686596,
    "rayDensity_images": 1,
    "observer": null,
    "origin": {
        "x": -13.665294639506362,
        "y": -175.33744682962976
    },
    "scale": 1.2345679012345683
}