{
  "version": 2,
  "objs": [
    {
      "type": "handle",
      "controlPoints": [
        {
          "mousePart": {
            "part": 1,
            "targetPoint": {
              "type": 1,
              "x": 1740,
              "y": 400,
              "exist": true
            },
            "originalObj": {
              "type": "circlelens",
              "p1": {
                "type": 1,
                "x": 1779.2152461677942,
                "y": 409.67236379007136,
                "exist": true
              },
              "p2": {
                "type": 1,
                "x": 1838.177069943688,
                "y": 419.30333294403516,
                "exist": true
              },
              "p": 1.5
            },
            "hasDuplicated": false,
            "byHandle": true
          },
          "targetObj_index": 21,
          "newPoint": {
            "type": 1,
            "x": 1779.2152461677942,
            "y": 409.67236379007136,
            "exist": true
          }
        },
        {
          "mousePart": {
            "part": 2,
            "targetPoint": {
              "type": 1,
              "x": 1799.743219111662,
              "y": 400,
              "exist": true
            },
            "originalObj": {
              "type": "circlelens",
              "p1": {
                "type": 1,
                "x": 1779.2152461677942,
                "y": 409.67236379007136,
                "exist": true
              },
              "p2": {
                "type": 1,
                "x": 1838.177069943688,
                "y": 419.30333294403516,
                "exist": true
              },
              "p": 1.5
            },
            "hasDuplicated": false,
            "byHandle": true
          },
          "targetObj_index": 21,
          "newPoint": {
            "type": 1,
            "x": 1838.177069943688,
            "y": 419.30333294403516,
            "exist": true
          }
        }
      ],
      "notDone": false,
      "p1": {
        "type": 1,
        "x": 1896.8889739134063,
        "y": 428.6275190613971,
        "exist": true
      },
      "p2": {
        "type": 1,
        "x": 1720,
        "y": 400,
        "exist": true
      }
    },
    {
      "type": "handle",
      "controlPoints": [
        {
          "mousePart": {
            "part": 2,
            "targetPoint": {
              "type": 1,
              "x": 2540,
              "y": 319,
              "exist": true
            },
            "originalObj": {
              "type": "parallel",
              "p1": {
                "type": 1,
                "x": 2540,
                "y": 300,
                "exist": true
              },
              "p2": {
                "type": 1,
                "x": 2540,
                "y": 312.7587301587308,
                "exist": true
              },
              "p": "10",
              "wavelength": "408"
            },
            "hasDuplicated": false,
            "byHandle": true
          },
          "targetObj_index": 24,
          "newPoint": {
            "type": 1,
            "x": 2540,
            "y": 312.7587301587308,
            "exist": true
          }
        },
        {
          "mousePart": {
            "part": 2,
            "targetPoint": {
              "type": 1,
              "x": 2580,
              "y": 319,
              "exist": true
            },
            "originalObj": {
              "type": "parallel",
              "p1": {
                "type": 1,
                "x": 2580,
                "y": 280,
                "exist": true
              },
              "p2": {
                "type": 1,
                "x": 2580,
                "y": 312.7587301587308,
                "exist": true
              },
              "p": "10",
              "wavelength": "650"
            },
            "hasDuplicated": false,
            "byHandle": true
          },
          "targetObj_index": 23,
          "newPoint": {
            "type": 1,
            "x": 2580,
            "y": 312.7587301587308,
            "exist": true
          }
        }
      ],
      "notDone": false,
      "p1": {
        "type": 1,
        "x": 2560,
        "y": 333.7587301587308,
        "exist": true
      },
      "p2": {
        "type": 1,
        "x": 2560,
        "y": 312.7587301587308,
        "exist": true
      }
    },
    {
      "type": "handle",
      "controlPoints": [
        {
          "mousePart": {
            "part": 1,
            "index": 1,
            "targetPoint": {
              "type": 1,
              "x": 900,
              "y": 520,
              "exist": true
            },
            "originalObj": {
              "type": "refractor",
              "path": [
                {
                  "x": 768.1733517111296,
                  "y": 445.07977025336027,
                  "arc": false
                },
                {
                  "x": 845.2029564127843,
                  "y": 423.4825482211809,
                  "arc": false
                },
                {
                  "x": 787.9844198515441,
                  "y": 367.57159582552,
                  "arc": false
                }
              ],
              "notDone": false,
              "p": 1.5
            },
            "hasDuplicated": false,
            "byHandle": true
          },
          "targetObj_index": 4,
          "newPoint": {
            "type": 1,
            "x": 845.2029564127843,
            "y": 423.4825482211809,
            "exist": true
          }
        },
        {
          "mousePart": {
            "part": 1,
            "index": 0,
            "targetPoint": {
              "type": 1,
              "x": 820,
              "y": 520,
              "exist": true
            },
            "originalObj": {
              "type": "refractor",
              "path": [
                {
                  "x": 768.1733517111296,
                  "y": 445.07977025336027,
                  "arc": false
                },
                {
                  "x": 845.2029564127843,
                  "y": 423.4825482211809,
                  "arc": false
                },
                {
                  "x": 787.9844198515441,
                  "y": 367.57159582552,
                  "arc": false
                }
              ],
              "notDone": false,
              "p": 1.5
            },
            "hasDuplicated": false,
            "byHandle": true
          },
          "targetObj_index": 4,
          "newPoint": {
            "type": 1,
            "x": 768.1733517111296,
            "y": 445.07977025336027,
            "exist": true
          }
        },
        {
          "mousePart": {
            "part": 1,
            "index": 2,
            "targetPoint": {
              "type": 1,
              "x": 860,
              "y": 450.718,
              "exist": true
            },
            "originalObj": {
              "type": "refractor",
              "path": [
                {
                  "x": 768.1733517111296,
                  "y": 445.07977025336027,
                  "arc": false
                },
                {
                  "x": 845.2029564127843,
                  "y": 423.4825482211809,
                  "arc": false
                },
                {
                  "x": 787.9844198515441,
                  "y": 367.57159582552,
                  "arc": false
                }
              ],
              "notDone": false,
              "p": 1.5
            },
            "hasDuplicated": false,
            "byHandle": true
          },
          "targetObj_index": 4,
          "newPoint": {
            "type": 1,
            "x": 787.9844198515441,
            "y": 367.57159582552,
            "exist": true
          }
        }
      ],
      "notDone": false,
      "p1": {
        "type": 1,
        "x": 829.005039888654,
        "y": 365.7103446949417,